{
  "f0_mean": 192.70543806267563,
  "f0_std": 15.086822367266171,
  "cpp_mean": 13.363607550152151,
  "spectral_flatness": 0.021136903166192593,
  "spectral_tilt_ratio": 1.5132241361236134,
  "mfcc_mean": 12.494292963545421,
  "rms_mean": 0.056234076619148254,
  "spectral_centroid": 1425.1640797692125
}