model,n_outputs,n_pairs,mean_scaled_abs_delta,median_scaled_abs_delta,mean_contrast_retention,cpp_mean_mean_scaled_abs_delta,hnr_mean_mean_scaled_abs_delta,spectral_tilt_mean_mean_scaled_abs_delta,score
xtts,6,3,0.615164301647997,0.43073333679744097,0.5178742493614235,0.5111013129875589,1.0313327361989542,0.3030588557574779,0.0972900522865735
chatterbox,6,3,0.8214639079382594,0.8258773118787495,0.5103596524814181,0.3101787226922475,1.4618969133178135,0.6923160878047173,0.3111042554568413
kokoro,6,3,1.4483069095043282,1.3298868911501964,0.0,0.7775970213924084,2.6644208425494296,0.9029028645711454,1.4483069095043282
