model,n_outputs,n_pairs,stat_scaled_abs_delta,dtw_distance,mean_contrast_retention,f0_mean_scaled_abs_delta,f0_std_scaled_abs_delta,f0_range_scaled_abs_delta,speaking_rate_scaled_abs_delta,score
chatterbox,6,3,1.878306721843005,11.265291,0.4832784809113408,0.11728201556124983,1.6437252402863496,1.4667546959595097,4.285464935564911,6.088520380010162
xtts,6,3,1.759481458471999,13.198201500000001,0.7870349963597887,0.09044620819706288,1.199396753910597,1.8311917965938782,3.9168910751864576,6.691806482876212
kokoro,6,3,1.6925185931315119,16.407887166666665,0.0,0.7149072992986768,2.5005493740633873,1.95619133620564,1.5984263629583442,9.05020287989909
