{
  "chatterbox": {
    "f0_cv": {
      "N": 196,
      "coef": -0.005514893083567791,
      "ci_lo": -0.03070432905924951,
      "ci_hi": 0.019674542892113928,
      "p": 0.6678445344295183,
      "converged": true
    },
    "speaking_rate": {
      "N": 196,
      "coef": 0.35203820864919644,
      "ci_lo": 0.10311622985295352,
      "ci_hi": 0.6009601874454393,
      "p": 0.005573333376689092,
      "converged": false
    }
  },
  "kokoro": {
    "f0_cv": {
      "N": 200,
      "coef": -0.04501635999999988,
      "ci_lo": -0.06075361534379052,
      "ci_hi": -0.029279104656209243,
      "p": 2.0649517582235527e-08,
      "converged": true
    },
    "speaking_rate": {
      "N": 200,
      "coef": 1.35579,
      "ci_lo": 1.1565140711486412,
      "ci_hi": 1.5550659288513589,
      "p": 1.4529341648332996e-40,
      "converged": true
    }
  },
  "xtts": {
    "f0_cv": {
      "N": 198,
      "coef": -0.004066742746671229,
      "ci_lo": -0.030348580707472952,
      "ci_hi": 0.022215095214130492,
      "p": 0.7616789945373942,
      "converged": true
    },
    "speaking_rate": {
      "N": 198,
      "coef": 0.7035906335250416,
      "ci_lo": 0.39085068441910936,
      "ci_hi": 1.0163305826309739,
      "p": 1.036317479034965e-05,
      "converged": true
    }
  }
}